198,150,-1.2578642460662268,-0.03067961575771709
204,150,-1.2517283229146843,-0.012271846303089397
210,150,-1.2578642460662268,0
216,150,-1.2455923997631417,0.018407769454623427
222,150,-1.2517283229146843,0.030679615757708556
228,144,-1.282407938672397,0.02454369260616599
180,150,-1.2578642460662268,-0.07363107781851505
186,150,-1.270136092369312,-0.05522330836388735
192,150,-1.2640001692177694,-0.04295146206080222
228,150,-1.2455923997631417,0.04908738521233625
234,150,-1.2394564766115992,0.06749515466696394
234,144,-1.2762720155208545,0.04908738521233625
240,144,-1.2762720155208545,0.055223308363878815
246,144,-1.270136092369312,0.0736310778185065
168,150,0.19021361769781536,-0.7915340865489935
174,150,0.2822524649709538,-0.6688156235181426
240,150,-1.2087768608538865,0.10431069357621936
252,144,-1.270136092369312,0.07976700097004907
162,150,0.1165825398793045,-0.8897088569736742
246,150,-1.1965050145508014,0.12885438618238965
258,144,-1.2640001692177694,0.09817477042467679
264,144,-1.2640001692177694,0.10431069357621936
156,150,0.055223308363878815,-0.9694758579437273
150,150,0,-1.0246991663076102
252,150,-1.1780972450961738,0.1595340019401025
270,144,-1.2517283229146843,0.12885438618238965
276,144,-1.2333205534600566,0.1595340019401025
258,150,-1.1535535524900036,0.19634954084935793
144,150,-0.05522330836388735,-1.0737865515199505
282,144,-1.2394564766115992,0.1595340019401025
138,150,-0.11658253987931305,-1.0983302441261207
288,144,-1.214912784005429,0.19634954084935793
168,156,0.12885438618238965,-0.717903008730483
174,156,0.2270291566070708,-0.5890486225480895
180,156,-1.1903690913992588,-0.09203884727314277
186,156,-1.1965050145508014,-0.06749515466697248
192,156,-1.1903690913992588,-0.049087385212344785
198,156,-1.1842331682477163,-0.024543692606174526
264,150,-1.0737865515199505,0.2822524649709538
162,156,0.06135923151542138,-0.8222137023067062
204,156,-1.1780972450961738,0
132,150,-0.17794177139473877,-1.1106020904292058
156,156,0,-0.9019807032767593
210,156,-1.1719613219446312,0.02454369260616599
294,144,-1.1719613219446312,0.2515728492132411
126,150,-0.24543692606170706,-1.1044661672776632
150,156,-0.05522330836388735,-0.9694758579437273
216,156,-1.1535535524900036,0.055223308363878815
300,144,-1.1903690913992588,0.23930100291015594
144,156,-0.11658253987931305,-1.012427320004525
222,156,-1.1228739367322909,0.09203884727313422
270,150,-0.8835729338221316,0.47246608266877266
138,156,-0.17794177139473877,-1.0369710126106952
276,150,-0.8038059328520786,0.5706408530934534
120,150,-0.3190680038802176,-1.079922474671493
132,156,-0.23930100291016448,-1.0492428589137803
228,156,-1.079922474671493,0.1411262324854748
306,144,-1.0492428589137803,0.39883500485026213
126,156,-1.1228739367322909,-0.30066023442559
234,156,-1.00015547370144,0.21475731030398565
120,156,-0.3865631585471856,-1.0062913968529825
168,162,0.0736310778185065,-0.6135923151542597
174,162,0.17794177139473022,-0.4847379289718663
180,162,-1.1044661672776632,-0.09817477042468534
114,150,-0.38042723539564305,-1.0492428589137803
156,162,-0.061359231515429914,-0.8222137023067062
162,162,0,-0.730174855033568
186,162,-1.0921943209745781,-0.06749515466697248
312,144,-0.9756117810952698,0.48473792897185775
150,162,-0.11658253987931305,-0.8897088569736742
192,162,-1.079922474671493,-0.036815538909259655
240,156,-0.7853981633974509,0.38656315854717704
282,150,-0.7547185476397382,0.6442719309119639
108,150,-0.47860200582032375,-0.9817477042468123
144,162,-0.17794177139473877,-0.9387962421860145
198,162,-1.0492428589137803,0
114,156,-0.47860200582032375,-0.9510680884890996
138,162,-0.24543692606170706,-0.9633399347921847
204,162,-1.012427320004525,0.042951462060793685
108,156,-0.5767767762450045,-0.8774370106705891
318,144,-0.8897088569736742,0.5829126993965384
132,162,-0.31293208072867507,-0.9694758579437273
210,162,-0.932660319034472,0.10431069357621936
246,156,-0.6872233929727702,0.5092816215780279
102,150,-0.5706408530934619,-0.9081166264283018
126,162,-0.39269908169872814,-0.9510680884890996
324,144,-0.797670009700536,0.6872233929727617
102,156,-0.9081166264283018,-0.5645049299419194
120,162,-0.9756117810952698,-0.44792239006261103
156,168,-0.1288543861823982,-0.717903008730483
162,168,-0.07363107781851505,-0.6135923151542597
168,168,0,-0.4970097752749514
174,168,0.1165825398793045,-0.36815538909255796
216,162,-0.797670009700536,0.19634954084935793
150,168,-0.1902136176978239,-0.7915340865489935
180,168,-0.9510680884890996,-0.09817477042468534
288,150,-0.730174855033568,0.6872233929727617
144,168,-0.2515728492132496,-0.8467573949128764
138,168,-0.9633399347921847,-0.3742913122441005
186,168,-0.9081166264283018,-0.05522330836388735
114,162,-0.8958447801252167,-0.5399612373357492
252,156,-0.6381360077604299,0.6013204688511661
132,168,-0.3988350048502707,-0.8713010875190466
192,168,-0.8283496254582488,0
222,162,-0.6197282383058023,0.3374757733348367
96,150,-0.9265243958829295,-0.5583690067903768
330,144,-0.9265243958829295,0.5583690067903683
96,156,-0.8528933180644189,-0.6320000846088873
126,168,-0.8835729338221316,-0.4970097752749514
198,168,-0.6810874698212277,0.07976700097004907
156,174,-0.22702915660707934,-0.5890486225480895
108,162,-0.7547185476397382,-0.6933593161243128
150,174,-0.28225246497096235,-0.6688156235181426
162,174,-0.17794177139473877,-0.4847379289718663
120,168,-0.717903008730483,-0.6749515466696852
144,174,-0.34974761963793033,-0.7240389318820255
168,174,-0.11658253987931305,-0.36815538909255796
294,150,-0.6994952392758553,0.736310778185102
138,174,-0.4295146206079834,-0.7485826244881957
174,174,0,-0.24543692606170706
132,174,-0.5399612373357492,-0.7240389318820255
204,168,-0.5399612373357492,0.1840776945462728
228,162,-0.5460971604872917,0.454058313214145
180,174,-0.6074563920027172,-0.0859029241216002
188,168,-0.8344855486097913,-0.03067961575771709
190,168,-0.8344855486097913,-0.01840776945463196
194,168,-0.7792622402459084,0.02454369260616599
196,168,-0.7424467013366531,0.04908738521233625
196,166,-0.8344855486097913,0.030679615757708556
182,170,-0.8283496254582488,-0.07976700097005762
184,170,-0.8222137023067062,-0.061359231515429914
186,170,-0.7915340865489935,-0.04295146206080222
188,170,-0.7669903939428233,-0.024543692606174526
198,166,-0.8283496254582488,0.04908738521233625
200,166,-0.8283496254582488,0.06135923151542138
202,166,-0.7731263170943659,0.09203884727313422
300,150,-0.6933593161243128,0.7547185476397297
126,174,-0.6626797003666001,-0.6688156235181426
178,172,-0.7915340865489935,-0.11044661672777048
180,172,-0.7608544707912808,-0.09203884727314277
180,170,-0.8222137023067062,-0.09203884727314277
204,164,-0.8222137023067062,0.09817477042467679
206,164,-0.8222137023067062,0.11044661672776193
176,172,0.15339807878855993,-0.23930100291016448
204,166,-0.7240389318820255,0.12271846303084707
208,164,-0.8099418560036211,0.12885438618238965
210,164,-0.7485826244881957,0.16566992509164508
114,168,-0.7363107781851106,-0.6810874698212277
172,172,0,-0.3313398501833027
174,172,0.055223308363878815,-0.2883883881225049
182,172,-0.730174855033568,-0.07363107781851505
212,164,-0.6810874698212277,0.20862138715244308
212,162,-0.8099418560036211,0.1595340019401025
170,174,-0.09203884727314277,-0.3313398501833027
172,174,-0.05522330836388735,-0.2883883881225049
190,170,-0.717903008730483,0
214,162,-0.8038059328520786,0.17794177139473022
258,156,-0.6135923151542597,0.6688156235181341
166,174,-0.14112623248548334,-0.4049709280018132
218,162,-0.7240389318820255,0.2454369260616985
306,150,-0.6810874698212277,0.7792622402458999
164,176,-0.22702915660707934,-0.39269908169872814
164,174,-0.15953400194011105,-0.44792239006261103
184,172,-0.6749515466696852,-0.049087385212344785
206,166,-0.6626797003666001,0.1595340019401025
220,162,-0.6626797003666001,0.2945243112740389
162,176,-0.7547185476397382,-0.25770877236479217
176,174,0.10431069357621936,-0.20248546400090905
220,160,-0.7731263170943659,0.23930100291015594
222,160,-0.7669903939428233,0.2577087723647836
166,176,-0.20862138715245163,-0.3558835427894729
160,176,-0.2515728492132496,-0.46633015951723866
192,170,-0.6749515466696852,0.02454369260616599
224,160,-0.7608544707912808,0.27611654181941125
312,150,-0.650407854063515,0.8222137023066977
150,180,1.2578642460662184,-0.07363107781851505
168,176,-0.19634954084936648,-0.3190680038802176
214,164,-0.6320000846088873,0.2515728492132411
144,180,-0.5767767762450045,-0.5276893910326641
156,180,1.1903690913992504,-0.09203884727314277
158,176,-0.2638446955163347,-0.5031456984264939
200,168,-0.6381360077604299,0.11044661672776193
226,160,-0.7056311624273979,0.3252039270317516
178,174,-0.6626797003666001,-0.11044661672777048
156,178,-0.3558835427894729,-0.4724660826687812
186,172,-0.6258641614573448,-0.024543692606174526
228,160,-0.6626797003666001,0.3681553890925494
158,178,-0.3436116964863878,-0.4417864669110685
170,176,-0.1718058482431962,-0.28225246497096235
194,170,-0.6197282383058023,0.055223308363878815
154,178,-0.36815538909255796,-0.5031456984264939
264,156,-0.6013204688511746,0.7179030087304744
318,150,-0.6688156235181426,0.8099418560036126
138,180,-0.6074563920027172,-0.582912699396547
160,178,-0.3436116964863878,-0.4049709280018132
208,166,-0.6013204688511746,0.2024854640009005
230,160,-0.6381360077604299,0.4049709280018047
230,158,-0.7117670855789404,0.3558835427894643
152,178,-0.38042723539564305,-0.5338253141842066
324,150,-0.6749515466696852,0.8099418560036126
162,178,-0.6197282383058023,-0.28225246497096235
172,176,-0.15339807878856848,-0.23930100291016448
188,172,-0.5890486225480895,0
232,158,-0.6872233929727702,0.3926990816987196
202,168,-0.582912699396547,0.14726215563701736
216,164,-0.5951845456996321,0.28838838812249634
150,178,-0.3988350048502707,-0.5583690067903768
270,156,-0.5951845456996321,0.7547185476397297
164,178,-0.3436116964863878,-0.3313398501833027
232,160,-0.6074563920027172,0.4479223900626025
174,176,-0.10431069357622791,-0.20248546400090905
196,170,-0.5583690067903768,0.09203884727313422
224,162,-0.5951845456996321,0.37429131224409196
234,158,-0.6626797003666001,0.4233786974564323
276,156,-0.582912699396547,0.7976700097005275
148,178,-0.4172427743048983,-0.5767767762450045
182,174,-0.5583690067903768,-0.061359231515429914
210,166,-0.5645049299419194,0.23930100291015594
166,178,-0.5215534678811216,-0.2515728492132496
282,156,-0.5767767762450045,0.8283496254582402
234,160,-0.5890486225480895,0.48473792897185775
288,156,-0.5706408530934619,0.8528933180644104
190,172,-0.5338253141842066,0.030679615757708556
236,158,-0.6197282383058023,0.4786020058203152
146,178,-0.4417864669110685,-0.5951845456996321
148,180,-0.5583690067903768,-0.4847379289718663
152,180,-0.5276893910326641,-0.4417864669110685
218,164,-0.5583690067903768,0.33133985018329415
226,162,-0.5645049299419194,0.41724277430488976
294,156,-0.5583690067903768,0.8835729338221231
176,176,0.49700977527494283,-0.1288543861823982
146,180,-0.5645049299419194,-0.5092816215780365
154,180,-0.5215534678811216,-0.4172427743048983
184,174,-0.49087385212340884,-0.03067961575771709
198,170,-0.5092816215780365,0.12885438618238965
168,178,-0.41110685115335577,-0.24543692606170706
236,160,-0.5706408530934619,0.521553467881113
300,156,-0.5583690067903768,0.8958447801252082
212,166,-0.5276893910326641,0.2822524649709538
306,156,-0.5460971604872917,0.9203884727313784
220,164,-0.5276893910326641,0.37429131224409196
240,162,-0.49087385212340884,0.6442719309119639
192,172,-0.47860200582032375,0.06749515466696394
206,168,-0.5092816215780365,0.22089323345552822
312,156,-0.5276893910326641,0.9510680884890911
178,176,-0.4295146206079834,-0.10431069357622791
144,178,-0.47860200582032375,-0.6013204688511746
158,180,-0.4970097752749514,-0.36815538909255796
230,162,-0.5276893910326641,0.4908738521234003
318,156,-0.5583690067903768,0.9265243958829209
200,170,-0.4724660826687812,0.16566992509164508
214,166,-0.5031456984264939,0.31906800388020906
222,164,-0.5092816215780365,0.4111068511533472
246,162,-0.4847379289718663,0.7117670855789319
170,178,-0.3865631585471856,-0.22089323345553677
186,174,-0.4417864669110685,0
232,162,-0.515417544729579,0.5276893910326556
252,162,-0.47860200582032375,0.7731263170943573
208,168,-0.4724660826687812,0.26384469551632617
224,164,-0.4970097752749514,0.4479223900626025
234,162,-0.5092816215780365,0.5583690067903683
194,172,-0.4540583132141536,0.09817477042467679
216,166,-0.47860200582032375,0.36201946594100687
236,162,-0.5031456984264939,0.5829126993965384
258,162,-0.47860200582032375,0.8160777791551551
264,162,-0.4847379289718663,0.8467573949128678
270,162,-0.4847379289718663,0.8774370106705806
276,162,-0.4847379289718663,0.9019807032767507
160,180,-0.49087385212340884,-0.3436116964863878
180,176,-0.3742913122441005,-0.07363107781851505
202,170,-0.44792239006261103,0.2024854640009005
226,164,-0.4847379289718663,0.48473792897185775
282,162,-0.47860200582032375,0.9326603190344634
288,162,-0.47860200582032375,0.9510680884890911
294,162,-0.47860200582032375,0.9633399347921762
210,168,-0.4540583132141536,0.30066023442558143
218,166,-0.46633015951723866,0.39883500485026213
300,162,-0.4601942363656961,1.0001554737014315
102,144,-0.4847379289718663,-0.9940195505498974
172,178,0.7915340865489849,-0.11044661672777048
188,174,-0.3988350048502707,0.03681553890925112
228,164,-0.4724660826687812,0.521553467881113
196,172,-0.4172427743048983,0.13499030933393222
306,162,-0.46633015951723866,1.0001554737014315
142,178,-0.47860200582032375,-0.6197282383058023
220,166,-0.44792239006261103,0.44178646691105994
230,164,-0.46633015951723866,0.5522330836388257
232,164,-0.4601942363656961,0.5829126993965384
312,162,-0.4847379289718663,0.9940195505498889
204,170,-0.42337869745644086,0.23930100291015594
212,168,-0.4295146206079834,0.34361169648637924
234,164,-0.4540583132141536,0.6135923151542512
222,166,-0.4417864669110685,0.47246608266877266
236,164,-0.4540583132141536,0.6381360077604213
190,174,-0.3620194659410154,0.0736310778185065
214,168,-0.4172427743048983,0.3804272353956345
224,166,-0.43565054375952594,0.5031456984264854
182,176,-0.3190680038802176,-0.036815538909259655
198,172,-0.3865631585471856,0.17794177139473022
206,170,-0.3988350048502707,0.2822524649709538
226,166,-0.42337869745644086,0.5460971604872832
108,144,-0.3865631585471856,-1.0737865515199505
228,166,-0.4172427743048983,0.5829126993965384
142,176,-0.4417864669110685,-0.650407854063515
216,168,-0.41110685115335577,0.41724277430488976
144,176,-0.39269908169872814,-0.6749515466696852
230,166,-0.4172427743048983,0.6074563920027086
232,166,-0.4172427743048983,0.6320000846088788
258,168,-0.3988350048502707,0.9142525495798358
264,168,-0.4049709280018132,0.938796242186006
270,168,-0.4049709280018132,0.9694758579437187
276,168,-0.4049709280018132,0.9940195505498889
282,168,-0.4049709280018132,1.0124273200045166
288,168,-0.4049709280018132,1.0308350894591443
294,168,-0.4049709280018132,1.0431069357622293
200,172,-0.36815538909255796,0.21475731030398565
208,170,-0.3865631585471856,0.31906800388020906
218,168,-0.3988350048502707,0.46019423636568757
234,166,-0.41110685115335577,0.6688156235181341
234,168,-0.38042723539564305,0.7056311624273893
240,168,-0.38042723539564305,0.7792622402458999
246,168,-0.3865631585471856,0.8344855486097827
252,168,-0.39269908169872814,0.8774370106705806
300,168,-0.3988350048502707,1.061514705216857
306,168,-0.41110685115335577,1.0553787820653144
174,178,0.6626797003665915,-0.11044661672777048
192,174,-0.3436116964863878,0.11044661672776193
210,170,-0.3742913122441005,0.36201946594100687
220,168,-0.39269908169872814,0.4908738521234003
146,176,-0.3742913122441005,-0.6565437772150575
222,168,-0.3865631585471856,0.5276893910326556
184,176,-0.29452431127404743,0
224,168,-0.3865631585471856,0.5583690067903683
202,172,-0.3558835427894729,0.2515728492132411
212,170,-0.36815538909255796,0.39883500485026213
226,168,-0.38042723539564305,0.5951845456996235
228,168,-0.38042723539564305,0.6258641614573363
230,168,-0.38042723539564305,0.656543777215049
232,168,-0.38042723539564305,0.6810874698212191
148,176,-0.34974761963793033,-0.6442719309119724
194,174,-0.32520392703176015,0.14726215563701736
214,170,-0.3620194659410154,0.4356505437595174
204,172,-0.3436116964863878,0.2945243112740389
216,170,-0.3558835427894729,0.47246608266877266
114,144,-0.31293208072867507,-1.1167380135807483
218,170,-0.34974761963793033,0.5092816215780279
276,174,-0.34974761963793033,1.0553787820653144
282,174,-0.34974761963793033,1.073786551519942
288,174,-0.3436116964863878,1.0983302441261122
150,176,-0.3313398501833027,-0.6197282383058023
206,172,-0.3313398501833027,0.3374757733348367
220,170,-0.34974761963793033,0.5460971604872832
264,174,-0.3436116964863878,1.0124273200045166
270,174,-0.3436116964863878,1.0369710126106868
294,174,-0.3436116964863878,1.1106020904291973
300,174,-0.3558835427894729,1.1044661672776548
186,176,-0.28225246497096235,0.03681553890925112
196,174,-0.3190680038802176,0.1840776945462728
222,170,-0.34974761963793033,0.5767767762449959
224,170,-0.3436116964863878,0.6135923151542512
226,170,-0.3436116964863878,0.6442719309119639
228,170,-0.34974761963793033,0.6688156235181341
230,170,-0.34974761963793033,0.6994952392758468
232,170,-0.3558835427894729,0.7117670855789319
258,174,-0.33747577333484524,0.9878836273983463
146,174,-0.32520392703176015,-0.7117670855789404
208,172,-0.32520392703176015,0.37429131224409196
252,174,-0.3313398501833027,0.9572040116406336
152,176,-0.31293208072867507,-0.5951845456996321
210,172,-0.3190680038802176,0.4111068511533472
246,174,-0.3190680038802176,0.9265243958829209
198,174,-0.30066023442559,0.2270291566070708
212,172,-0.3190680038802176,0.4479223900626025
240,174,-0.31293208072867507,0.8774370106705806
188,176,-0.26998061866787726,0.0736310778185065
214,172,-0.31293208072867507,0.4908738521234003
234,174,-0.30066023442559,0.8222137023066977
108,138,-0.32520392703176015,-1.1290098598838334
148,174,-0.30066023442559,-0.6933593161243128
154,176,-0.29452431127404743,-0.5645049299419194
200,174,-0.29452431127404743,0.26384469551632617
216,172,-0.31293208072867507,0.521553467881113
218,172,-0.31293208072867507,0.5583690067903683
228,172,-0.3190680038802176,0.7117670855789319
230,172,-0.3190680038802176,0.736310778185102
228,174,-0.29452431127404743,0.7485826244881871
220,172,-0.31293208072867507,0.5951845456996235
222,172,-0.31293208072867507,0.6258641614573363
224,172,-0.31293208072867507,0.656543777215049
226,172,-0.3190680038802176,0.6810874698212191
156,176,-0.28225246497096235,-0.5338253141842066
202,174,-0.2883883881225049,0.306796157577124
270,180,-0.29452431127404743,1.0983302441261122
276,180,-0.30066023442559,1.1106020904291973
282,180,-0.30066023442559,1.129009859883825
288,180,-0.30066023442559,1.14128170618691
294,180,-0.3190680038802176,1.129009859883825
190,176,-0.25770877236479217,0.1165825398793045
204,174,-0.2883883881225049,0.3374757733348367
264,180,-0.2883883881225049,1.0799224746714846
146,172,-0.2883883881225049,-0.7485826244881957
206,174,-0.28225246497096235,0.3804272353956345
258,180,-0.28225246497096235,1.0553787820653144
114,138,-0.2515728492132496,-1.1780972450961738
120,144,-0.24543692606170706,-1.147417629338461
208,174,-0.28225246497096235,0.41724277430488976
224,174,-0.2883883881225049,0.6994952392758468
226,174,-0.2883883881225049,0.7301748550335595
252,180,-0.2761165418194198,1.0308350894591443
152,174,-0.2638446955163347,-0.6442719309119724
192,176,-0.2515728492132496,0.15339807878855993
210,174,-0.2761165418194198,0.4663301595172301
212,174,-0.2761165418194198,0.5031456984264854
214,174,-0.2761165418194198,0.5399612373357406
216,174,-0.28225246497096235,0.5645049299419108
218,174,-0.28225246497096235,0.6013204688511661
220,174,-0.28225246497096235,0.6381360077604213
222,174,-0.2883883881225049,0.6626797003665915
246,180,-0.26998061866787726,0.9940195505498889
148,172,-0.2638446955163347,-0.7363107781851106
194,176,-0.24543692606170706,0.19634954084935793
240,180,-0.25770877236479217,0.9572040116406336
154,174,-0.24543692606170706,-0.6197282383058023
196,176,-0.24543692606170706,0.23316507975861336
224,176,-0.2638446955163347,0.736310778185102
226,176,-0.26998061866787726,0.7608544707912722
234,180,-0.24543692606170706,0.9142525495798358
276,186,-0.25770877236479217,1.1596894756415377
282,186,-0.25770877236479217,1.1719613219446228
288,186,-0.2761165418194198,1.1658253987930802
150,172,-0.24543692606170706,-0.717903008730483
198,176,-0.24543692606170706,0.2699806186678687
220,176,-0.25770877236479217,0.6810874698212191
222,176,-0.2638446955163347,0.7056311624273893
264,186,-0.24543692606170706,1.129009859883825
270,186,-0.2515728492132496,1.1474176293384526
200,176,-0.23930100291016448,0.3129320807286665
202,176,-0.23930100291016448,0.3558835427894643
216,176,-0.2515728492132496,0.6135923151542512
218,176,-0.2515728492132496,0.6504078540635064
228,180,-0.2331650797586219,0.8528933180644104
258,186,-0.23930100291016448,1.1106020904291973
148,170,-0.2331650797586219,-0.7792622402459084
204,176,-0.23930100291016448,0.3926990816987196
206,176,-0.23930100291016448,0.4356505437595174
208,176,-0.24543692606170706,0.4663301595172301
210,176,-0.24543692606170706,0.5031456984264854
212,176,-0.24543692606170706,0.5460971604872832
214,176,-0.2515728492132496,0.5767767762449959
252,186,-0.2331650797586219,1.0860583978230272
152,172,-0.22702915660707934,-0.6872233929727702
224,178,-0.24543692606170706,0.7731263170943573
220,178,-0.2331650797586219,0.724038931882017
222,178,-0.23930100291016448,0.7485826244881871
222,180,-0.22089323345553677,0.7792622402458999
246,186,-0.22702915660707934,1.0553787820653144
120,138,-0.18407769454628134,-1.202640937702344
158,174,-0.2147573103039942,-0.5522330836388343
216,178,-0.22702915660707934,0.656543777215049
218,178,-0.2331650797586219,0.6872233929727617
126,144,-0.17794177139473877,-1.1658253987930887
150,170,-0.2147573103039942,-0.7547185476397382
154,172,-0.20862138715245163,-0.6626797003666001
212,178,-0.22089323345553677,0.589048622548081
214,178,-0.22089323345553677,0.6258641614573363
240,186,-0.2147573103039942,1.0246991663076017
270,192,-0.2147573103039942,1.1842331682477079
276,192,-0.22089323345553677,1.196505014550793
282,192,-0.2331650797586219,1.196505014550793
160,174,-0.19634954084936648,-0.5215534678811216
208,178,-0.2147573103039942,0.5092816215780279
210,178,-0.2147573103039942,0.5522330836388257
234,186,-0.20248546400090905,0.9817477042468038
264,192,-0.20862138715245163,1.1719613219446228
181,177,-0.2147573103039942,-0.036815538909259655
182,177,-0.2147573103039942,-0.01840776945463196
183,177,-0.22089323345553677,0
184,177,-0.22089323345553677,0.018407769454623427
185,177,-0.22089323345553677,0.03681553890925112
202,178,-0.20248546400090905,0.39883500485026213
204,178,-0.20862138715245163,0.4356505437595174
206,178,-0.20862138715245163,0.4786020058203152
218,180,-0.20862138715245163,0.7301748550335595
220,180,-0.2147573103039942,0.7547185476397297
258,192,-0.20248546400090905,1.1535535524899951
152,170,-0.19634954084936648,-0.730174855033568
156,172,-0.1902136176978239,-0.6320000846088873
178,178,0,-0.07976700097005762
180,178,-0.11658253987931305,-0.04295146206080222
180,177,-0.20862138715245163,-0.05522330836388735
186,177,-0.2147573103039942,0.06135923151542138
186,178,-0.1718058482431962,0.07976700097004907
188,178,-0.17794177139473877,0.1165825398793045
190,178,-0.18407769454628134,0.1595340019401025
192,178,-0.1902136176978239,0.19634954084935793
194,178,-0.1902136176978239,0.23930100291015594
196,178,-0.19634954084936648,0.27611654181941125
198,178,-0.19634954084936648,0.31906800388020906
200,178,-0.20248546400090905,0.3558835427894643
216,180,-0.20248546400090905,0.6994952392758468
252,192,-0.19634954084936648,1.129009859883825
148,168,-0.20862138715245163,-0.7915340865489935
179,177,-0.20862138715245163,-0.07976700097005762
187,177,-0.20862138715245163,0.07976700097004907
212,180,-0.19634954084936648,0.6320000846088788
214,180,-0.20248546400090905,0.6626797003665915
222,182,-0.20862138715245163,0.7915340865489849
228,186,-0.18407769454628134,0.938796242186006
246,192,-0.1902136176978239,1.1044661672776548
114,132,-0.1718058482431962,-1.2333205534600566
178,177,-0.19634954084936648,-0.09817477042468534
210,180,-0.1902136176978239,0.5951845456996235
220,182,-0.19634954084936648,0.7915340865489849
276,198,-0.20248546400090905,1.2149127840054206
154,170,-0.17794177139473877,-0.7056311624273979
158,172,-0.1718058482431962,-0.6013204688511746
187,178,-0.17794177139473877,0.09817477042467679
208,180,-0.18407769454628134,0.5645049299419108
216,182,-0.18407769454628134,0.736310778185102
218,182,-0.1902136176978239,0.7669903939428148
222,186,-0.1718058482431962,0.871301087519038
240,192,-0.17794177139473877,1.073786551519942
264,198,-0.17794177139473877,1.208776860853878
270,198,-0.18407769454628134,1.2210487071569631
152,168,-0.1718058482431962,-0.7669903939428233
176,178,0.42951462060797485,-0.10431069357622791
177,177,0,-0.12271846303085562
185,178,-0.16566992509165362,0.06135923151542138
204,180,-0.17794177139473877,0.48473792897185775
206,180,-0.18407769454628134,0.5154175447295705
214,182,-0.17794177139473877,0.7056311624273893
258,198,-0.1718058482431962,1.1903690913992504
183,178,-0.15953400194011105,0.018407769454623427
184,178,-0.16566992509165362,0.03681553890925112
202,180,-0.1718058482431962,0.44178646691105994
212,182,-0.17794177139473877,0.6688156235181341
218,184,-0.1718058482431962,0.7976700097005275
220,184,-0.18407769454628134,0.7976700097005275
234,192,-0.15953400194011105,1.049242858913772
156,170,-0.15953400194011105,-0.6749515466696852
160,172,-0.15339807878856848,-0.5645049299419194
176,177,-0.1718058482431962,-0.14112623248548334
182,178,-0.1472621556370259,0
189,178,-0.17794177139473877,0.13499030933393222
198,180,-0.15953400194011105,0.3681553890925494
200,180,-0.16566992509165362,0.4049709280018047
210,182,-0.1718058482431962,0.6320000846088788
216,184,-0.16566992509165362,0.7731263170943573
252,198,-0.16566992509165362,1.1719613219446228
120,132,-0.12271846303085562,-1.2517283229146843
126,138,-0.11658253987931305,-1.214912784005429
132,144,-0.11658253987931305,-1.1658253987930887
181,178,-0.1288543861823982,-0.01840776945463196
196,180,-0.15339807878856848,0.3252039270317516
208,182,-0.16566992509165362,0.6013204688511661
214,184,-0.16566992509165362,0.736310778185102
216,186,-0.15339807878856848,0.80380593285207
228,192,-0.1472621556370259,1.006291396852974
246,198,-0.15339807878856848,1.1535535524899951
150,166,-0.15953400194011105,-0.8099418560036211
154,168,-0.1472621556370259,-0.7424467013366531
194,180,-0.1472621556370259,0.2822524649709538
204,182,-0.15339807878856848,0.5276893910326556
206,182,-0.15953400194011105,0.5645049299419108
212,184,-0.15953400194011105,0.7056311624273893
264,204,-0.15339807878856848,1.2333205534600482
270,204,-0.15953400194011105,1.2394564766115908
152,166,-0.1472621556370259,-0.8038059328520786
158,170,-0.14112623248548334,-0.6442719309119724
162,172,-0.13499030933394077,-0.5276893910326641
188,179,-0.1472621556370259,0.1411262324854748
189,179,-0.15339807878856848,0.1595340019401025
192,180,-0.14112623248548334,0.23930100291015594
202,182,-0.1472621556370259,0.48473792897185775
210,184,-0.15339807878856848,0.6749515466696766
218,186,-0.15953400194011105,0.8099418560036126
240,198,-0.14112623248548334,1.129009859883825
258,204,-0.1472621556370259,1.2210487071569631
175,177,-0.1472621556370259,-0.16566992509165362
186,179,-0.13499030933394077,0.09817477042467679
187,179,-0.14112623248548334,0.12271846303084707
190,180,-0.1288543861823982,0.2024854640009005
200,182,-0.14112623248548334,0.4479223900626025
208,184,-0.14112623248548334,0.6442719309119639
214,186,-0.1472621556370259,0.7731263170943573
222,192,-0.1288543861823982,0.9572040116406336
179,178,-0.07976700097005762,-0.061359231515429914
185,179,-0.1288543861823982,0.07976700097004907
198,182,-0.1288543861823982,0.4111068511533472
206,184,-0.13499030933394077,0.6074563920027086
212,186,-0.14112623248548334,0.7424467013366446
234,198,-0.1288543861823982,1.0983302441261122
252,204,-0.13499030933394077,1.208776860853878
154,166,-0.12271846303085562,-0.7792622402459084
160,170,-0.12271846303085562,-0.6074563920027172
164,172,-0.11658253987931305,-0.49087385212340884
184,179,-0.11658253987931305,0.06135923151542138
196,182,-0.12271846303085562,0.3681553890925494
204,184,-0.1288543861823982,0.5706408530934534
210,186,-0.13499030933394077,0.7117670855789319
214,188,-0.1288543861823982,0.8099418560036126
216,188,-0.14112623248548334,0.8099418560036126
246,204,-0.1288543861823982,1.1842331682477079
188,180,-0.12271846303085562,0.1595340019401025
189,180,-0.1288543861823982,0.17794177139473022
202,184,-0.12271846303085562,0.5338253141841981
208,186,-0.1288543861823982,0.6810874698212191
216,192,-0.11044661672777048,0.8897088569736656
228,198,-0.11658253987931305,1.0553787820653144
264,210,-0.13499030933394077,1.2517283229146758
158,168,-0.11044661672777048,-0.6872233929727702
175,176,-0.06749515466697248,-0.18407769454628134
183,179,-0.10431069357622791,0.042951462060793685
187,180,-0.11658253987931305,0.1411262324854748
194,182,-0.11658253987931305,0.3252039270317516
200,184,-0.11658253987931305,0.4908738521234003
206,186,-0.11658253987931305,0.6504078540635064
212,188,-0.12271846303085562,0.7792622402458999
240,204,-0.11658253987931305,1.1658253987930802
258,210,-0.11658253987931305,1.2517283229146758
152,164,-0.12271846303085562,-0.8160777791551637
156,166,-0.10431069357622791,-0.7547185476397382
162,170,-0.09817477042468534,-0.5767767762450045
166,172,-0.09203884727314277,-0.4540583132141536
182,179,-0.09203884727314277,0.018407769454623427
192,182,-0.10431069357622791,0.28838838812249634
204,186,-0.11044661672777048,0.6135923151542512
210,188,-0.11658253987931305,0.7485826244881871
252,210,-0.11044661672777048,1.2394564766115908
132,138,-0.05522330836388735,-1.2087768608538865
154,164,-0.10431069357622791,-0.8099418560036211
186,180,-0.10431069357622791,0.12271846303084707
198,184,-0.10431069357622791,0.454058313214145
208,188,-0.11044661672777048,0.7179030087304744
212,190,-0.11044661672777048,0.8099418560036126
222,198,-0.09817477042468534,1.0185632431560592
234,204,-0.09817477042468534,1.14128170618691
246,210,-0.09817477042468534,1.2210487071569631
126,132,-0.061359231515429914,-1.2517283229146843
138,144,-0.061359231515429914,-1.147417629338461
160,168,-0.09203884727314277,-0.650407854063515
185,180,-0.09817477042468534,0.09817477042467679
189,181,-0.10431069357622791,0.19634954084935793
190,182,-0.09203884727314277,0.2454369260616985
196,184,-0.09817477042468534,0.4111068511533472
202,186,-0.10431069357622791,0.5706408530934534
206,188,-0.10431069357622791,0.6872233929727617
210,190,-0.10431069357622791,0.7853981633974424
210,192,-0.09203884727314277,0.8160777791551551
158,166,-0.0859029241216002,-0.7240389318820255
164,170,-0.07976700097005762,-0.5399612373357492
181,179,-0.07363107781851505,0
184,180,-0.0859029241216002,0.07976700097004907
188,181,-0.09817477042468534,0.1840776945462728
194,184,-0.0859029241216002,0.37429131224409196
200,186,-0.09203884727314277,0.5399612373357406
204,188,-0.09203884727314277,0.656543777215049
208,190,-0.09817477042468534,0.7547185476397297
228,204,-0.0859029241216002,1.1044661672776548
240,210,-0.09203884727314277,1.196505014550793
258,216,-0.10431069357622791,1.264000169217761
156,164,-0.07976700097005762,-0.7853981633974509
168,172,-0.06749515466697248,-0.4172427743048983
187,181,-0.09203884727314277,0.1595340019401025
188,182,-0.07976700097005762,0.2024854640009005
198,186,-0.0859029241216002,0.49700977527494283
202,188,-0.0859029241216002,0.6135923151542512
206,190,-0.0859029241216002,0.724038931882017
212,192,-0.09817477042468534,0.8222137023066977
216,198,-0.07976700097005762,0.9633399347921762
252,216,-0.0859029241216002,1.264000169217761
183,180,-0.07363107781851505,0.06135923151542138
186,181,-0.07976700097005762,0.1411262324854748
192,184,-0.07363107781851505,0.33133985018329415
208,192,-0.07976700097005762,0.7915340865489849
234,210,-0.07363107781851505,1.1780972450961653
246,216,-0.07976700097005762,1.2455923997631333
160,166,-0.06749515466697248,-0.6872233929727702
185,181,-0.06749515466697248,0.12271846303084707
196,186,-0.07363107781851505,0.46019423636568757
200,188,-0.07976700097005762,0.5767767762449959
204,190,-0.07976700097005762,0.6872233929727617
222,204,-0.06749515466697248,1.0676506283683995
154,162,-0.07976700097005762,-0.8283496254582488
158,164,-0.061359231515429914,-0.7608544707912808
166,170,-0.05522330836388735,-0.4970097752749514
180,179,-0.04295146206080222,-0.01840776945463196
187,182,-0.06749515466697248,0.1840776945462728
190,184,-0.061359231515429914,0.28838838812249634
194,186,-0.06749515466697248,0.4111068511533472
198,188,-0.06749515466697248,0.5399612373357406
202,190,-0.07363107781851505,0.6504078540635064
206,192,-0.07363107781851505,0.7547185476397297
210,194,-0.07976700097005762,0.8283496254582402
210,198,-0.05522330836388735,0.9019807032767507
240,216,-0.06749515466697248,1.2271846303085057
164,168,-0.049087385212344785,-0.5767767762450045
170,172,-0.036815538909259655,-0.3742913122441005
182,180,-0.05522330836388735,0.042951462060793685
184,181,-0.05522330836388735,0.10431069357621936
204,192,-0.06749515466697248,0.724038931882017
208,194,-0.06749515466697248,0.8222137023066977
228,210,-0.061359231515429914,1.1474176293384526
252,222,-0.07363107781851505,1.2701360923693035
174,175,-0.04295146206080222,-0.22089323345553677
186,182,-0.061359231515429914,0.16566992509164508
188,183,-0.061359231515429914,0.21475731030398565
188,184,-0.049087385212344785,0.2454369260616985
192,186,-0.049087385212344785,0.37429131224409196
196,188,-0.05522330836388735,0.49700977527494283
200,190,-0.061359231515429914,0.6197282383057937
206,194,-0.061359231515429914,0.7915340865489849
216,204,-0.049087385212344785,1.0246991663076017
234,216,-0.05522330836388735,1.208776860853878
246,222,-0.061359231515429914,1.2701360923693035
120,126,-0.061359231515429914,-1.2762720155208545
160,164,-0.04295146206080222,-0.7240389318820255
162,166,-0.04295146206080222,-0.6565437772150575
183,181,-0.04295146206080222,0.07976700097004907
185,182,-0.049087385212344785,0.1411262324854748
187,183,-0.049087385212344785,0.20862138715244308
198,190,-0.049087385212344785,0.5829126993965384
202,192,-0.05522330836388735,0.6933593161243042
204,194,-0.05522330836388735,0.7547185476397297
208,196,-0.061359231515429914,0.8283496254582402
222,210,-0.04295146206080222,1.1167380135807399
240,222,-0.049087385212344785,1.2517283229146758
126,126,0,-1.2762720155208545
138,138,0,-1.1842331682477163
158,162,-0.04295146206080222,-0.7915340865489935
168,170,-0.03067961575771709,-0.4601942363656961
181,180,-0.03067961575771709,0.018407769454623427
190,186,-0.036815538909259655,0.33133985018329415
194,188,-0.04295146206080222,0.46019423636568757
200,192,-0.049087385212344785,0.656543777215049
206,196,-0.049087385212344785,0.8222137023066977
228,216,-0.036815538909259655,1.1842331682477079
132,132,0,-1.2333205534600566
144,144,0,-1.1167380135807483
166,168,-0.024543692606174526,-0.5399612373357492
179,179,0,-0.04295146206080222
184,182,-0.036815538909259655,0.12271846303084707
186,183,-0.04295146206080222,0.1840776945462728
196,190,-0.04295146206080222,0.5399612373357406
202,194,-0.04295146206080222,0.7301748550335595
204,196,-0.04295146206080222,0.7915340865489849
204,198,-0.03067961575771709,0.8222137023066977
210,204,-0.024543692606174526,0.9694758579437187
156,160,-0.04295146206080222,-0.8283496254582488
162,164,-0.024543692606174526,-0.6933593161243128
164,166,-0.024543692606174526,-0.6197282383058023
175,175,0,-0.20862138715245163
182,181,-0.024543692606174526,0.06135923151542138
185,183,-0.03067961575771709,0.16566992509164508
187,184,-0.036815538909259655,0.22089323345552822
192,188,-0.03067961575771709,0.41724277430488976
198,192,-0.036815538909259655,0.6197282383057937
200,194,-0.036815538909259655,0.6933593161243042
216,210,-0.024543692606174526,1.073786551519942
234,222,-0.03067961575771709,1.2333205534600482
246,228,-0.04295146206080222,1.276272015520846
158,160,-0.01840776945463196,-0.8222137023067062
160,162,-0.01840776945463196,-0.7608544707912808
186,184,-0.024543692606174526,0.20862138715244308
188,186,-0.01840776945463196,0.28838838812249634
194,190,-0.03067961575771709,0.49700977527494283
196,192,-0.024543692606174526,0.5829126993965384
202,196,-0.03067961575771709,0.7608544707912722
222,216,-0.01840776945463196,1.1535535524899951
240,228,-0.03067961575771709,1.276272015520846
170,170,0,-0.4172427743048983
180,180,0,0
183,182,-0.01840776945463196,0.10431069357621936
190,188,-0.01840776945463196,0.37429131224409196
198,194,-0.024543692606174526,0.656543777215049
200,196,-0.024543692606174526,0.7301748550335595
228,222,-0.01840776945463196,1.208776860853878
184,183,-0.01840776945463196,0.1411262324854748
185,184,-0.012271846303089397,0.1840776945462728
192,190,-0.012271846303089397,0.46019423636568757
194,192,-0.012271846303089397,0.5399612373357406
202,198,-0.01840776945463196,0.7915340865489849
204,204,0,0.9019807032767507
234,228,-0.01840776945463196,1.2578642460662184
160,160,0,-0.7915340865489935
164,164,0,-0.6565437772150575
166,166,0,-0.582912699396547
181,181,0,0.042951462060793685
182,182,0,0.07976700097004907
186,185,-0.012271846303089397,0.22089323345552822
186,186,0,0.2454369260616985
188,188,0,0.33133985018329415
196,194,-0.012271846303089397,0.6197282383057937
198,196,-0.012271846303089397,0.6933593161243042
200,198,-0.012271846303089397,0.7608544707912722
202,200,-0.012271846303089397,0.8222137023066977
204,200,-0.01840776945463196,0.8344855486097827
210,210,0,1.0246991663076017
216,216,0,1.1167380135807399
240,234,-0.012271846303089397,1.2824079386723886
183,183,0,0.12271846303084707
184,184,0,0.16566992509164508
190,190,0,0.41724277430488976
192,192,0,0.49700977527494283
222,222,0,1.1842331682477079
228,228,0,1.2333205534600482
234,234,0,1.276272015520846
158,158,0,-0.8344855486097913
185,185,0,0.20862138715244308
194,194,0,0.5829126993965384
196,196,0,0.656543777215049
198,198,0,0.7301748550335595
200,200,0,0.7915340865489849
202,202,0,0.8344855486097827
132,126,0.06135923151542138,-1.2517283229146843
138,132,0.055223308363878815,-1.2087768608538865
144,138,0.06135923151542138,-1.147417629338461
150,144,0.055223308363878815,-1.0737865515199505
160,158,0.018407769454623427,-0.8222137023067062
162,160,0.018407769454623427,-0.7608544707912808
164,162,0.02454369260616599,-0.6933593161243128
166,164,0.02454369260616599,-0.6197282383058023
168,166,0.02454369260616599,-0.5399612373357492
170,168,0.030679615757708556,-0.4601942363656961
172,170,0.03681553890925112,-0.3742913122441005
176,175,0.06749515466696394,-0.18407769454628134
178,179,0.07976700097004907,-0.061359231515429914
179,180,0.042951462060793685,-0.01840776945463196
180,181,0.030679615757708556,0.018407769454623427
181,182,0.02454369260616599,0.06135923151542138
182,183,0.018407769454623427,0.10431069357621936
183,184,0.018407769454623427,0.1411262324854748
184,185,0.012271846303080862,0.1840776945462728
185,186,0.012271846303080862,0.22089323345552822
186,188,0.018407769454623427,0.28838838812249634
188,190,0.018407769454623427,0.37429131224409196
190,192,0.012271846303080862,0.46019423636568757
192,194,0.012271846303080862,0.5399612373357406
194,196,0.012271846303080862,0.6197282383057937
196,198,0.012271846303080862,0.6933593161243042
198,200,0.012271846303080862,0.7608544707912722
200,202,0.012271846303080862,0.8222137023066977
204,210,0.02454369260616599,0.9694758579437187
210,216,0.02454369260616599,1.073786551519942
216,222,0.018407769454623427,1.1535535524899951
222,228,0.018407769454623427,1.208776860853878
228,234,0.018407769454623427,1.2578642460662184
175,174,0.042951462060793685,-0.22089323345553677
194,198,0.02454369260616599,0.656543777215049
196,200,0.02454369260616599,0.7301748550335595
198,202,0.018407769454623427,0.7915340865489849
198,204,0.030679615757708556,0.8222137023066977
234,240,0.012271846303080862,1.2824079386723886
182,184,0.03681553890925112,0.12271846303084707
183,185,0.030679615757708556,0.16566992509164508
184,186,0.02454369260616599,0.20862138715244308
188,192,0.030679615757708556,0.41724277430488976
190,194,0.030679615757708556,0.49700977527494283
192,196,0.02454369260616599,0.5829126993965384
200,204,0.018407769454623427,0.8344855486097827
222,234,0.030679615757708556,1.2333205534600482
228,240,0.030679615757708556,1.276272015520846
162,158,0.042951462060793685,-0.7915340865489935
164,160,0.042951462060793685,-0.7240389318820255
166,162,0.042951462060793685,-0.6565437772150575
177,176,0.17180584824318765,-0.14112623248548334
181,183,0.042951462060793685,0.07976700097004907
184,188,0.04908738521233625,0.2454369260616985
186,190,0.03681553890925112,0.33133985018329415
192,198,0.03681553890925112,0.6197282383057937
194,200,0.03681553890925112,0.6933593161243042
196,202,0.030679615757708556,0.7608544707912722
210,222,0.042951462060793685,1.1167380135807399
216,228,0.03681553890925112,1.1842331682477079
168,164,0.04908738521233625,-0.5767767762450045
170,166,0.055223308363878815,-0.4970097752749514
180,182,0.055223308363878815,0.042951462060793685
183,186,0.042951462060793685,0.1840776945462728
184,187,0.03681553890925112,0.22089323345552822
190,196,0.042951462060793685,0.5399612373357406
198,210,0.055223308363878815,0.9019807032767507
204,216,0.04908738521233625,1.0246991663076017
160,156,0.042951462060793685,-0.8283496254582488
172,168,0.06749515466696394,-0.4172427743048983
177,178,0.19634954084935793,-0.09817477042468534
179,181,0.0736310778185065,0
182,185,0.04908738521233625,0.1411262324854748
186,192,0.04908738521233625,0.37429131224409196
188,194,0.042951462060793685,0.46019423636568757
192,200,0.04908738521233625,0.656543777215049
194,202,0.042951462060793685,0.7301748550335595
196,204,0.042951462060793685,0.7915340865489849
216,234,0.055223308363878815,1.208776860853878
222,240,0.04908738521233625,1.2517283229146758
164,158,0.06135923151542138,-0.7608544707912808
181,184,0.055223308363878815,0.10431069357621936
183,187,0.04908738521233625,0.20862138715244308
184,190,0.06135923151542138,0.28838838812249634
190,198,0.04908738521233625,0.5829126993965384
194,204,0.055223308363878815,0.7547185476397297
196,206,0.04908738521233625,0.8222137023066977
210,228,0.06135923151542138,1.1474176293384526
228,246,0.042951462060793685,1.276272015520846
126,120,0.06135923151542138,-1.2762720155208545
166,160,0.06749515466696394,-0.6872233929727702
174,170,0.09203884727313422,-0.3313398501833027
180,183,0.0736310778185065,0.06135923151542138
182,186,0.06135923151542138,0.16566992509164508
186,194,0.06749515466696394,0.4111068511533472
188,196,0.055223308363878815,0.49700977527494283
192,202,0.055223308363878815,0.6933593161243042
204,222,0.06749515466696394,1.0676506283683995
222,246,0.06135923151542138,1.2701360923693035
170,164,0.07976700097004907,-0.5399612373357492
181,185,0.06749515466696394,0.12271846303084707
188,198,0.06749515466696394,0.5399612373357406
190,200,0.06135923151542138,0.6197282383057937
194,206,0.06135923151542138,0.7915340865489849
198,216,0.07976700097004907,0.9633399347921762
216,240,0.06749515466696394,1.2271846303085057
132,120,0.12271846303084707,-1.2517283229146843
144,132,0.1165825398793045,-1.1658253987930887
150,138,0.1165825398793045,-1.0983302441261207
156,144,0.1165825398793045,-1.012427320004525
182,187,0.06749515466696394,0.1840776945462728
183,188,0.06135923151542138,0.21475731030398565
182,188,0.07976700097004907,0.2024854640009005
184,192,0.0736310778185065,0.33133985018329415
190,202,0.0736310778185065,0.6504078540635064
192,204,0.06749515466696394,0.724038931882017
194,208,0.06749515466696394,0.8222137023066977
196,208,0.06135923151542138,0.8283496254582402
210,234,0.0736310778185065,1.1780972450961653
138,126,0.1165825398793045,-1.214912784005429
164,156,0.07976700097004907,-0.7853981633974509
166,158,0.08590292412159165,-0.7240389318820255
172,166,0.09203884727313422,-0.4540583132141536
178,180,0.1165825398793045,-0.04295146206080222
179,182,0.09203884727313422,0.018407769454623427
180,184,0.08590292412159165,0.07976700097004907
181,186,0.07976700097004907,0.1411262324854748
186,196,0.0736310778185065,0.46019423636568757
188,200,0.07976700097004907,0.5767767762449959
192,206,0.0736310778185065,0.7547185476397297
192,210,0.09203884727313422,0.8160777791551551
204,228,0.08590292412159165,1.1044661672776548
216,246,0.07976700097004907,1.2455923997631333
162,154,0.07976700097004907,-0.8283496254582488
168,160,0.09203884727313422,-0.650407854063515
182,190,0.09203884727313422,0.2454369260616985
184,194,0.08590292412159165,0.37429131224409196
186,198,0.08590292412159165,0.49700977527494283
190,204,0.07976700097004907,0.6872233929727617
192,208,0.07976700097004907,0.7915340865489849
210,240,0.09203884727313422,1.196505014550793
222,252,0.0736310778185065,1.2701360923693035
170,162,0.09817477042467679,-0.5767767762450045
180,185,0.09817477042467679,0.09817477042467679
181,187,0.09203884727313422,0.1595340019401025
188,202,0.08590292412159165,0.6135923151542512
190,206,0.08590292412159165,0.724038931882017
194,210,0.07976700097004907,0.8283496254582402
198,222,0.09817477042467679,1.0185632431560592
216,252,0.08590292412159165,1.264000169217761
164,154,0.10431069357621936,-0.8099418560036211
166,156,0.10431069357621936,-0.7547185476397382
172,164,0.1165825398793045,-0.49087385212340884
179,183,0.10431069357621936,0.042951462060793685
181,188,0.09817477042467679,0.1840776945462728
182,192,0.10431069357621936,0.28838838812249634
184,196,0.09817477042467679,0.4111068511533472
186,200,0.09203884727313422,0.5399612373357406
188,204,0.09203884727313422,0.656543777215049
190,208,0.09817477042467679,0.7547185476397297
192,216,0.11044661672776193,0.8897088569736656
204,234,0.09817477042467679,1.14128170618691
210,246,0.09817477042467679,1.2210487071569631
168,158,0.11044661672776193,-0.6872233929727702
178,181,0.12885438618238965,-0.01840776945463196
180,186,0.10431069357621936,0.12271846303084707
184,198,0.10431069357621936,0.454058313214145
186,202,0.10431069357621936,0.5706408530934534
188,206,0.10431069357621936,0.6872233929727617
198,228,0.1165825398793045,1.0553787820653144
170,160,0.12271846303084707,-0.6074563920027172
179,184,0.1165825398793045,0.06135923151542138
180,187,0.1165825398793045,0.1411262324854748
182,194,0.1165825398793045,0.3252039270317516
190,210,0.10431069357621936,0.7853981633974424
192,212,0.09817477042467679,0.8222137023066977
204,240,0.1165825398793045,1.1658253987930802
210,252,0.11044661672776193,1.2394564766115908
174,166,0.1411262324854748,-0.4049709280018132
177,175,0.14726215563701736,-0.16566992509165362
181,189,0.10431069357621936,0.19634954084935793
180,188,0.12271846303084707,0.1595340019401025
184,200,0.1165825398793045,0.4908738521234003
186,204,0.11044661672776193,0.6135923151542512
188,208,0.11044661672776193,0.7179030087304744
190,212,0.11044661672776193,0.8099418560036126
210,258,0.1165825398793045,1.2517283229146758
216,258,0.10431069357621936,1.264000169217761
166,154,0.12271846303084707,-0.7792622402459084
172,162,0.13499030933393222,-0.5276893910326641
178,182,0.14726215563701736,0
179,185,0.12885438618238965,0.07976700097004907
180,190,0.12885438618238965,0.2024854640009005
182,196,0.12271846303084707,0.3681553890925494
184,202,0.12271846303084707,0.5338253141841981
186,206,0.1165825398793045,0.6504078540635064
188,210,0.1165825398793045,0.7485826244881871
192,222,0.12885438618238965,0.9572040116406336
198,234,0.12885438618238965,1.0983302441261122
204,246,0.12885438618238965,1.1842331682477079
170,158,0.1411262324854748,-0.6442719309119724
176,170,0.17180584824318765,-0.28225246497096235
180,189,0.12885438618238965,0.17794177139473022
182,198,0.12885438618238965,0.4111068511533472
186,208,0.12885438618238965,0.6810874698212191
188,212,0.12271846303084707,0.7792622402458999
156,138,0.17794177139473022,-1.0369710126106952
162,144,0.17794177139473022,-0.9387962421860145
164,152,0.12271846303084707,-0.8160777791551637
179,186,0.13499030933393222,0.09817477042467679
180,192,0.1411262324854748,0.23930100291015594
184,204,0.12885438618238965,0.5706408530934534
186,210,0.13499030933393222,0.7117670855789319
188,214,0.12885438618238965,0.8099418560036126
204,252,0.13499030933393222,1.208776860853878
138,120,0.1840776945462728,-1.202640937702344
144,126,0.17794177139473022,-1.1658253987930887
150,132,0.17794177139473022,-1.1106020904292058
166,152,0.14726215563701736,-0.8038059328520786
168,154,0.14726215563701736,-0.7424467013366531
172,160,0.15339807878855993,-0.5645049299419194
174,164,0.1595340019401025,-0.44792239006261103
177,179,0.20862138715244308,-0.07976700097005762
178,183,0.1595340019401025,0.018407769454623427
179,187,0.1411262324854748,0.12271846303084707
180,194,0.14726215563701736,0.2822524649709538
182,200,0.1411262324854748,0.4479223900626025
184,206,0.13499030933393222,0.6074563920027086
186,216,0.15339807878855993,0.80380593285207
192,228,0.14726215563701736,1.006291396852974
198,240,0.1411262324854748,1.129009859883825
170,156,0.1595340019401025,-0.6749515466696852
179,188,0.14726215563701736,0.1411262324854748
180,196,0.15339807878855993,0.3252039270317516
182,202,0.14726215563701736,0.48473792897185775
184,208,0.1411262324854748,0.6442719309119639
186,212,0.1411262324854748,0.7424467013366446
204,258,0.14726215563701736,1.2210487071569631
210,264,0.13499030933393222,1.2517283229146758
176,168,0.19634954084935793,-0.3190680038802176
178,184,0.16566992509164508,0.03681553890925112
179,189,0.15339807878855993,0.1595340019401025
182,204,0.15339807878855993,0.5276893910326556
184,210,0.15339807878855993,0.6749515466696766
186,214,0.14726215563701736,0.7731263170943573
188,216,0.1411262324854748,0.8099418560036126
186,222,0.17180584824318765,0.871301087519038
192,234,0.1595340019401025,1.049242858913772
198,246,0.15339807878855993,1.1535535524899951
204,264,0.15339807878855993,1.2333205534600482
172,158,0.17180584824318765,-0.6013204688511746
178,185,0.16566992509164508,0.06135923151542138
180,198,0.1595340019401025,0.3681553890925494
182,206,0.1595340019401025,0.5645049299419108
184,212,0.1595340019401025,0.7056311624273893
198,252,0.16566992509164508,1.1719613219446228
168,152,0.17180584824318765,-0.7669903939428233
178,186,0.17180584824318765,0.07976700097004907
178,190,0.1840776945462728,0.1595340019401025
180,200,0.16566992509164508,0.4049709280018047
182,208,0.16566992509164508,0.6013204688511661
184,214,0.16566992509164508,0.736310778185102
166,150,0.1595340019401025,-0.8099418560036211
170,154,0.17794177139473022,-0.7056311624273979
177,180,0.20862138715244308,-0.05522330836388735
178,187,0.17794177139473022,0.09817477042467679
180,202,0.17180584824318765,0.44178646691105994
182,210,0.17180584824318765,0.6320000846088788
184,216,0.16566992509164508,0.7731263170943573
186,218,0.1595340019401025,0.8099418560036126
186,228,0.1840776945462728,0.938796242186006
192,240,0.17794177139473022,1.073786551519942
198,258,0.17180584824318765,1.1903690913992504
204,270,0.1595340019401025,1.2394564766115908
172,156,0.19021361769781536,-0.6320000846088873
174,160,0.19634954084935793,-0.5215534678811216
176,166,0.20862138715244308,-0.3558835427894729
178,188,0.17794177139473022,0.1165825398793045
178,189,0.17794177139473022,0.13499030933393222
178,192,0.19021361769781536,0.19634954084935793
180,204,0.17794177139473022,0.48473792897185775
182,212,0.17794177139473022,0.6688156235181341
184,218,0.17180584824318765,0.7976700097005275
192,246,0.19021361769781536,1.1044661672776548
198,264,0.17794177139473022,1.208776860853878
132,114,0.17180584824318765,-1.2333205534600566
177,181,0.21475731030398565,-0.036815538909259655
178,194,0.19021361769781536,0.23930100291015594
178,196,0.19634954084935793,0.27611654181941125
180,206,0.1840776945462728,0.5154175447295705
182,214,0.17794177139473022,0.7056311624273893
198,270,0.1840776945462728,1.2210487071569631
170,152,0.19634954084935793,-0.730174855033568
177,182,0.21475731030398565,-0.01840776945463196
178,198,0.19634954084935793,0.31906800388020906
180,208,0.1840776945462728,0.5645049299419108
180,210,0.19021361769781536,0.5951845456996235
182,216,0.1840776945462728,0.736310778185102
186,234,0.2024854640009005,0.9817477042468038
192,252,0.19634954084935793,1.129009859883825
144,120,0.2454369260616985,-1.147417629338461
156,132,0.23930100291015594,-1.0492428589137803
162,138,0.2454369260616985,-0.9633399347921847
168,144,0.2515728492132411,-0.8467573949128764
172,154,0.20862138715244308,-0.6626797003666001
176,164,0.2270291566070708,-0.39269908169872814
177,183,0.22089323345552822,0
178,200,0.2024854640009005,0.3558835427894643
180,212,0.19634954084935793,0.6320000846088788
182,218,0.19021361769781536,0.7669903939428148
184,220,0.1840776945462728,0.7976700097005275
150,126,0.2454369260616985,-1.1044661672776632
174,158,0.21475731030398565,-0.5522330836388343
177,184,0.22089323345552822,0.018407769454623427
178,202,0.2024854640009005,0.39883500485026213
178,204,0.20862138715244308,0.4356505437595174
180,214,0.2024854640009005,0.6626797003665915
182,220,0.19634954084935793,0.7915340865489849
180,222,0.22089323345552822,0.7792622402458999
186,240,0.21475731030398565,1.0246991663076017
192,258,0.2024854640009005,1.1535535524899951
138,114,0.2515728492132411,-1.1780972450961738
170,150,0.21475731030398565,-0.7547185476397382
177,185,0.22089323345552822,0.03681553890925112
177,186,0.21475731030398565,0.06135923151542138
177,187,0.20862138715244308,0.07976700097004907
178,206,0.20862138715244308,0.4786020058203152
180,216,0.2024854640009005,0.6994952392758468
192,264,0.20862138715244308,1.1719613219446228
176,162,0.7547185476397297,-0.25770877236479217
178,208,0.21475731030398565,0.5092816215780279
178,210,0.21475731030398565,0.5522330836388257
180,218,0.20862138715244308,0.7301748550335595
180,228,0.23316507975861336,0.8528933180644104
186,246,0.2270291566070708,1.0553787820653144
192,270,0.21475731030398565,1.1842331682477079
198,276,0.2024854640009005,1.2149127840054206
168,148,0.20862138715244308,-0.7915340865489935
172,152,0.2270291566070708,-0.6872233929727702
178,212,0.22089323345552822,0.589048622548081
180,220,0.21475731030398565,0.7547185476397297
182,222,0.20862138715244308,0.7915340865489849
192,276,0.22089323345552822,1.196505014550793
170,148,0.23316507975861336,-0.7792622402459084
176,160,0.2515728492132411,-0.46633015951723866
178,214,0.22089323345552822,0.6258641614573363
178,216,0.2270291566070708,0.656543777215049
186,252,0.23316507975861336,1.0860583978230272
174,154,0.2454369260616985,-0.6197282383058023
176,180,0.37429131224409196,-0.07363107781851505
176,186,0.2822524649709538,0.03681553890925112
176,188,0.2699806186678687,0.0736310778185065
176,190,0.2577087723647836,0.1165825398793045
176,192,0.2515728492132411,0.15339807878855993
176,194,0.2454369260616985,0.19634954084935793
176,196,0.2454369260616985,0.23316507975861336
176,198,0.2454369260616985,0.2699806186678687
176,200,0.23930100291015594,0.3129320807286665
176,202,0.23930100291015594,0.3558835427894643
178,218,0.23316507975861336,0.6872233929727617
180,234,0.2454369260616985,0.9142525495798358
186,258,0.23930100291015594,1.1106020904291973
172,150,0.2454369260616985,-0.717903008730483
176,182,0.31906800388020906,-0.036815538909259655
176,184,0.2945243112740389,0
176,204,0.23930100291015594,0.3926990816987196
176,206,0.23930100291015594,0.4356505437595174
176,208,0.2454369260616985,0.4663301595172301
178,220,0.23316507975861336,0.724038931882017
186,264,0.2454369260616985,1.129009859883825
176,158,0.26384469551632617,-0.5031456984264939
176,210,0.2454369260616985,0.5031456984264854
176,212,0.2454369260616985,0.5460971604872832
178,222,0.23930100291015594,0.7485826244881871
178,224,0.2454369260616985,0.7731263170943573
180,240,0.2577087723647836,0.9572040116406336
186,270,0.2515728492132411,1.1474176293384526
192,282,0.23316507975861336,1.196505014550793
174,152,0.26384469551632617,-0.6442719309119724
176,214,0.2515728492132411,0.5767767762449959
176,216,0.2515728492132411,0.6135923151542512
186,276,0.2577087723647836,1.1596894756415377
186,282,0.2577087723647836,1.1719613219446228
162,132,0.3129320807286665,-0.9694758579437273
172,148,0.26384469551632617,-0.7363107781851106
176,156,0.2822524649709538,-0.5338253141842066
176,218,0.2515728492132411,0.6504078540635064
176,220,0.2577087723647836,0.6810874698212191
180,246,0.2699806186678687,0.9940195505498889
150,120,0.31906800388020906,-1.079922474671493
156,126,1.1228739367322824,-0.30066023442559
168,138,0.9633399347921762,-0.3742913122441005
178,170,0.38656315854717704,-0.22089323345553677
176,222,0.26384469551632617,0.7056311624273893
176,224,0.26384469551632617,0.736310778185102
180,252,0.27611654181941125,1.0308350894591443
144,114,0.3129320807286665,-1.1167380135807483
178,168,0.4111068511533472,-0.24543692606170706
176,226,0.2699806186678687,0.7608544707912722
174,228,0.2945243112740389,0.7485826244881871
172,146,0.28838838812249634,-0.7485826244881957
176,154,0.2945243112740389,-0.5645049299419194
178,166,0.521553467881113,-0.2515728492132496
174,202,0.28838838812249634,0.306796157577124
174,204,0.28838838812249634,0.3374757733348367
174,206,0.2822524649709538,0.3804272353956345
174,208,0.2822524649709538,0.41724277430488976
174,210,0.27611654181941125,0.4663301595172301
174,212,0.27611654181941125,0.5031456984264854
174,214,0.27611654181941125,0.5399612373357406
180,258,0.2822524649709538,1.0553787820653144
174,144,0.3497476196379218,-0.7240389318820255
178,164,0.34361169648637924,-0.3313398501833027
174,198,0.30066023442558143,0.2270291566070708
174,200,0.2945243112740389,0.26384469551632617
174,216,0.2822524649709538,0.5645049299419108
174,218,0.2822524649709538,0.6013204688511661
174,220,0.2822524649709538,0.6381360077604213
174,234,0.30066023442558143,0.8222137023066977
180,264,0.28838838812249634,1.0799224746714846
174,148,0.30066023442558143,-0.6933593161243128
178,162,0.6197282383057937,-0.28225246497096235
174,196,0.31906800388020906,0.1840776945462728
174,222,0.28838838812249634,0.6626797003665915
174,224,0.28838838812249634,0.6994952392758468
180,270,0.2945243112740389,1.0983302441261122
180,276,0.30066023442558143,1.1106020904291973
186,288,0.27611654181941125,1.1658253987930802
176,152,0.3129320807286665,-0.5951845456996321
174,194,0.3252039270317516,0.14726215563701736
174,226,0.28838838812249634,0.7301748550335595
174,240,0.3129320807286665,0.8774370106705806
180,282,0.30066023442558143,1.129009859883825
180,288,0.30066023442558143,1.14128170618691
178,160,0.34361169648637924,-0.4049709280018132
174,192,0.34361169648637924,0.11044661672776193
174,246,0.31906800388020906,0.9265243958829209
138,108,0.3252039270317516,-1.1290098598838334
174,146,0.3252039270317516,-0.7117670855789404
176,150,0.33133985018329415,-0.6197282383058023
178,158,0.34361169648637924,-0.4417864669110685
172,210,0.31906800388020906,0.4111068511533472
172,212,0.31906800388020906,0.4479223900626025
172,214,0.3129320807286665,0.4908738521234003
172,216,0.3129320807286665,0.521553467881113
172,218,0.3129320807286665,0.5583690067903683
172,220,0.3129320807286665,0.5951845456996235
172,222,0.3129320807286665,0.6258641614573363
172,224,0.3129320807286665,0.656543777215049
174,252,0.33133985018329415,0.9572040116406336
174,190,0.36201946594100687,0.0736310778185065
172,206,0.33133985018329415,0.3374757733348367
172,208,0.3252039270317516,0.37429131224409196
172,226,0.31906800388020906,0.6810874698212191
172,228,0.31906800388020906,0.7117670855789319
174,258,0.3374757733348367,0.9878836273983463
162,126,0.3926990816987196,-0.9510680884890996
178,156,0.3558835427894643,-0.4724660826687812
172,204,0.34361169648637924,0.2945243112740389
174,264,0.34361169648637924,1.0124273200045166
150,114,0.3804272353956345,-1.0492428589137803
156,120,0.38656315854717704,-1.0062913968529825
168,132,0.39883500485026213,-0.8713010875190466
176,148,0.3497476196379218,-0.6442719309119724
172,202,0.3558835427894643,0.2515728492132411
172,230,0.31906800388020906,0.736310778185102
174,270,0.34361169648637924,1.0369710126106868
180,294,0.31906800388020906,1.129009859883825
144,108,0.38656315854717704,-1.0737865515199505
178,154,0.3681553890925494,-0.5031456984264939
174,188,0.39883500485026213,0.03681553890925112
172,200,0.3681553890925494,0.21475731030398565
174,276,0.3497476196379218,1.0553787820653144
174,282,0.3497476196379218,1.073786551519942
174,288,0.34361169648637924,1.0983302441261122
174,294,0.34361169648637924,1.1106020904291973
170,218,0.3497476196379218,0.5092816215780279
170,220,0.3497476196379218,0.5460971604872832
170,222,0.3497476196379218,0.5767767762449959
170,224,0.34361169648637924,0.6135923151542512
170,226,0.34361169648637924,0.6442719309119639
174,138,0.42951462060797485,-0.7485826244881957
178,152,0.3804272353956345,-0.5338253141842066
172,198,0.38656315854717704,0.17794177139473022
170,214,0.36201946594100687,0.4356505437595174
170,216,0.3558835427894643,0.47246608266877266
170,228,0.3497476196379218,0.6688156235181341
170,230,0.3497476196379218,0.6994952392758468
168,234,0.3804272353956345,0.7056311624273893
176,146,0.37429131224409196,-0.6565437772150575
174,186,0.44178646691105994,0
170,212,0.3681553890925494,0.39883500485026213
168,240,0.3804272353956345,0.7792622402458999
170,210,0.37429131224409196,0.36201946594100687
170,232,0.3558835427894643,0.7117670855789319
168,246,0.38656315854717704,0.8344855486097827
178,150,0.39883500485026213,-0.5583690067903768
172,196,0.41724277430488976,0.13499030933393222
170,208,0.38656315854717704,0.31906800388020906
168,252,0.3926990816987196,0.8774370106705806
174,300,0.3558835427894643,1.1044661672776548
176,144,0.3926990816987196,-0.6749515466696852
170,206,0.39883500485026213,0.2822524649709538
168,258,0.39883500485026213,0.9142525495798358
168,220,0.3926990816987196,0.4908738521234003
168,222,0.38656315854717704,0.5276893910326556
168,224,0.38656315854717704,0.5583690067903683
168,226,0.3804272353956345,0.5951845456996235
168,228,0.3804272353956345,0.6258641614573363
168,230,0.3804272353956345,0.656543777215049
168,232,0.3804272353956345,0.6810874698212191
168,264,0.4049709280018047,0.938796242186006
178,148,0.41724277430488976,-0.5767767762450045
172,194,0.454058313214145,0.09817477042467679
170,204,0.4233786974564323,0.23930100291015594
168,218,0.39883500485026213,0.46019423636568757
168,270,0.4049709280018047,0.9694758579437187
168,294,0.4049709280018047,1.0431069357622293
168,300,0.39883500485026213,1.061514705216857
174,184,0.4908738521234003,-0.03067961575771709
168,216,0.4111068511533472,0.41724277430488976
168,276,0.4049709280018047,0.9940195505498889
168,282,0.4049709280018047,1.0124273200045166
168,288,0.4049709280018047,1.0308350894591443
168,214,0.41724277430488976,0.3804272353956345
150,108,0.4786020058203152,-0.9817477042468123
170,202,0.4479223900626025,0.2024854640009005
156,114,0.4786020058203152,-0.9510680884890996
162,120,0.9756117810952613,-0.44792239006261103
168,126,0.8835729338221231,-0.4970097752749514
178,146,0.44178646691105994,-0.5951845456996321
168,212,0.42951462060797485,0.34361169648637924
166,228,0.41724277430488976,0.5829126993965384
166,230,0.41724277430488976,0.6074563920027086
166,232,0.41724277430488976,0.6320000846088788
166,234,0.4111068511533472,0.6688156235181341
172,192,0.4786020058203152,0.06749515466696394
168,210,0.454058313214145,0.30066023442558143
166,224,0.4356505437595174,0.5031456984264854
166,226,0.4233786974564323,0.5460971604872832
174,132,0.5399612373357406,-0.7240389318820255
170,200,0.47246608266877266,0.16566992509164508
166,222,0.44178646691105994,0.47246608266877266
168,306,0.4111068511533472,1.0553787820653144
178,144,0.4786020058203152,-0.6013204688511746
174,182,0.5583690067903683,-0.061359231515429914
166,220,0.4479223900626025,0.44178646691105994
168,208,0.47246608266877266,0.26384469551632617
144,102,0.48473792897185775,-0.9940195505498974
166,218,0.4663301595172301,0.39883500485026213
162,306,0.4663301595172301,1.0001554737014315
180,154,0.521553467881113,-0.4172427743048983
180,158,0.49700977527494283,-0.36815538909255796
172,190,0.5338253141841981,0.030679615757708556
170,198,0.5092816215780279,0.12885438618238965
164,232,0.46019423636568757,0.5829126993965384
164,234,0.454058313214145,0.6135923151542512
164,236,0.454058313214145,0.6381360077604213
162,234,0.5092816215780279,0.5583690067903683
162,240,0.4908738521234003,0.6442719309119639
162,246,0.48473792897185775,0.7117670855789319
162,252,0.4786020058203152,0.7731263170943573
162,258,0.4786020058203152,0.8160777791551551
162,294,0.4786020058203152,0.9633399347921762
162,300,0.46019423636568757,1.0001554737014315
176,142,0.44178646691105994,-0.650407854063515
180,152,0.5276893910326556,-0.4417864669110685
166,216,0.4786020058203152,0.36201946594100687
164,230,0.4663301595172301,0.5522330836388257
162,264,0.48473792897185775,0.8467573949128678
162,270,0.48473792897185775,0.8774370106705806
162,276,0.48473792897185775,0.9019807032767507
162,282,0.4786020058203152,0.9326603190344634
162,288,0.4786020058203152,0.9510680884890911
178,142,0.4786020058203152,-0.6197282383058023
168,206,0.5092816215780279,0.22089323345552822
164,228,0.47246608266877266,0.521553467881113
180,144,0.5767767762449959,-0.5276893910326641
180,160,0.4908738521234003,-0.3436116964863878
166,214,0.5031456984264854,0.31906800388020906
164,226,0.48473792897185775,0.48473792897185775
164,224,0.49700977527494283,0.4479223900626025
170,196,0.5583690067903683,0.09203884727313422
168,204,0.5399612373357406,0.1840776945462728
180,148,0.5583690067903683,-0.4847379289718663
174,180,0.6074563920027086,-0.0859029241216002
172,188,0.589048622548081,0
166,212,0.5276893910326556,0.2822524649709538
164,222,0.5092816215780279,0.4111068511533472
180,138,0.6074563920027086,-0.582912699396547
162,236,0.5031456984264854,0.5829126993965384
150,102,0.5706408530934534,-0.9081166264283018
156,108,0.5767767762449959,-0.8774370106705891
162,114,0.8958447801252082,-0.5399612373357492
164,220,0.5276893910326556,0.37429131224409196
162,232,0.5154175447295705,0.5276893910326556
162,312,0.48473792897185775,0.9940195505498889
156,312,0.5276893910326556,0.9510680884890911
168,120,0.7179030087304744,-0.6749515466696852
168,202,0.5829126993965384,0.14726215563701736
166,210,0.5645049299419108,0.23930100291015594
162,230,0.5276893910326556,0.4908738521234003
156,306,0.5460971604872832,0.9203884727313784
180,146,0.5645049299419108,-0.5092816215780365
164,218,0.5583690067903683,0.33133985018329415
162,228,0.5460971604872832,0.454058313214145
170,194,0.6197282383057937,0.055223308363878815
156,300,0.5583690067903683,0.8958447801252082
162,226,0.5645049299419108,0.41724277430488976
156,294,0.5583690067903683,0.8835729338221231
174,126,0.6626797003665915,-0.6688156235181426
164,216,0.5951845456996235,0.28838838812249634
156,288,0.5706408530934534,0.8528933180644104
172,186,0.6258641614573363,-0.024543692606174526
166,208,0.6013204688511661,0.2024854640009005
160,236,0.5706408530934534,0.521553467881113
156,276,0.5829126993965384,0.7976700097005275
156,282,0.5767767762449959,0.8283496254582402
168,200,0.6381360077604213,0.11044661672776193
162,224,0.5951845456996235,0.37429131224409196
156,264,0.6013204688511661,0.7179030087304744
156,270,0.5951845456996235,0.7547185476397297
160,234,0.589048622548081,0.48473792897185775
156,258,0.6135923151542512,0.6688156235181341
156,252,0.6381360077604213,0.6013204688511661
164,214,0.6320000846088788,0.2515728492132411
160,232,0.6074563920027086,0.4479223900626025
156,246,0.6872233929727617,0.5092816215780279
170,192,0.6749515466696766,0.02454369260616599
166,206,0.6626797003665915,0.1595340019401025
162,222,0.6197282383057937,0.3374757733348367
156,318,0.5583690067903683,0.9265243958829209
160,230,0.6381360077604213,0.4049709280018047
156,240,0.7853981633974424,0.38656315854717704
172,184,0.6749515466696766,-0.049087385212344785
168,198,0.6810874698212191,0.07976700097004907
150,318,0.6688156235181341,0.8099418560036126
162,220,0.6626797003665915,0.2945243112740389
164,212,0.6810874698212191,0.20862138715244308
160,228,0.6626797003665915,0.3681553890925494
150,312,0.6504078540635064,0.8222137023066977
162,108,0.7547185476397297,-0.6933593161243128
166,204,0.724038931882017,0.12271846303084707
150,306,0.6810874698212191,0.7792622402458999
156,102,0.9081166264282933,-0.5645049299419194
162,218,0.724038931882017,0.2454369260616985
156,234,1.0001554737014315,0.21475731030398565
170,190,0.7179030087304744,0
158,236,0.6197282383057937,0.4786020058203152
160,226,0.7056311624273893,0.3252039270317516
150,300,0.6933593161243042,0.7547185476397297
164,210,0.7485826244881871,0.16566992509164508
150,294,0.6994952392758468,0.736310778185102
158,234,0.6626797003665915,0.4233786974564323
150,96,0.9265243958829209,-0.5583690067903768
172,182,0.7301748550335595,-0.07363107781851505
168,196,0.7424467013366446,0.04908738521233625
150,288,0.7301748550335595,0.6872233929727617
168,114,0.736310778185102,-0.6810874698212277
166,202,0.7731263170943573,0.09203884727313422
162,216,0.7976700097005275,0.19634954084935793
160,224,0.7608544707912722,0.27611654181941125
150,282,0.7547185476397297,0.6442719309119639
158,232,0.6872233929727617,0.3926990816987196
150,276,0.80380593285207,0.5706408530934534
170,188,0.7669903939428148,-0.024543692606174526
150,324,0.6749515466696766,0.8099418560036126
172,180,0.7608544707912722,-0.09203884727314277
150,270,0.8835729338221231,0.47246608266877266
168,194,0.7792622402458999,0.02454369260616599
164,208,0.8099418560036126,0.12885438618238965
158,230,0.7117670855789319,0.3558835427894643
160,222,0.7669903939428148,0.2577087723647836
150,264,1.073786551519942,0.2822524649709538
156,228,1.0799224746714846,0.1411262324854748
166,200,0.8283496254582402,0.06135923151542138
162,214,0.80380593285207,0.17794177139473022
144,324,0.7976700097005275,0.6872233929727617
170,186,0.7915340865489849,-0.04295146206080222
144,318,0.8897088569736656,0.5829126993965384
156,96,0.8528933180644104,-0.6320000846088873
150,258,1.1535535524899951,0.19634954084935793
168,192,0.8283496254582402,0
164,206,0.8222137023066977,0.11044661672776193
160,220,0.7731263170943573,0.23930100291015594
144,312,0.9756117810952613,0.48473792897185775
170,184,0.8222137023066977,-0.061359231515429914
166,198,0.8283496254582402,0.04908738521233625
162,212,0.8099418560036126,0.1595340019401025
144,306,1.049242858913772,0.39883500485026213
170,182,0.8283496254582402,-0.07976700097005762
168,190,0.8344855486097827,-0.01840776945463196
164,204,0.8222137023066977,0.09817477042467679
162,210,0.9326603190344634,0.10431069357621936
166,196,0.8344855486097827,0.030679615757708556
150,252,1.1780972450961653,0.1595340019401025
144,300,1.1903690913992504,0.23930100291015594
170,180,0.8222137023066977,-0.09203884727314277
168,188,0.8344855486097827,-0.03067961575771709
162,204,1.0124273200045166,0.042951462060793685
168,180,0.9510680884890911,-0.09817477042468534
168,186,0.9081166264282933,-0.05522330836388735
144,294,1.1719613219446228,0.2515728492132411
144,330,0.9265243958829209,0.5583690067903683
162,198,1.049242858913772,0
156,222,1.1228739367322824,0.09203884727313422
162,192,1.0799224746714846,-0.036815538909259655
144,288,1.2149127840054206,0.19634954084935793
162,186,1.0921943209745697,-0.06749515466697248
156,216,1.1535535524899951,0.055223308363878815
162,180,1.1044661672776548,-0.09817477042468534
150,246,1.196505014550793,0.12885438618238965
156,210,1.1719613219446228,0.02454369260616599
156,204,1.1780972450961653,0
144,282,1.2394564766115908,0.1595340019401025
150,240,1.208776860853878,0.10431069357621936
156,198,1.1842331682477079,-0.024543692606174526
156,192,1.1903690913992504,-0.049087385212344785
156,186,1.196505014550793,-0.06749515466697248
150,234,1.2394564766115908,0.06749515466696394
144,276,1.2333205534600482,0.1595340019401025
150,228,1.2455923997631333,0.04908738521233625
150,222,1.2517283229146758,0.030679615757708556
150,216,1.2455923997631333,0.018407769454623427
144,270,1.2517283229146758,0.12885438618238965
150,210,1.2578642460662184,0
150,198,1.2578642460662184,-0.03067961575771709
150,204,1.2517283229146758,-0.012271846303089397
144,264,1.264000169217761,0.10431069357621936
150,186,1.2701360923693035,-0.05522330836388735
150,192,1.264000169217761,-0.04295146206080222
144,258,1.264000169217761,0.09817477042467679
144,252,1.2701360923693035,0.07976700097004907
144,246,1.2701360923693035,0.0736310778185065
144,240,1.276272015520846,0.055223308363878815
144,234,1.276272015520846,0.04908738521233625
144,228,1.2824079386723886,0.02454369260616599